FrameID,ID,topLeft,topRight,bottomRight,bottomLeft,distance,yaw
274,0,"(408, 63)","(467, 59)","(472, 119)","(415, 123)",2.0941084750020877,-4.053864371257945
275,0,"(412, 31)","(470, 27)","(473, 86)","(415, 90)",2.0859002832852562,-2.792108618905973
288,0,"(228, 27)","(288, 23)","(294, 83)","(236, 87)",2.2457212809490588,-4.5430672289224825
289,0,"(122, 12)","(187, 8)","(195, 68)","(131, 74)",2.263666386495139,-7.515515190014594
309,0,"(681, 56)","(746, 55)","(745, 118)","(681, 117)",1.849201978348944,0.7722887971231772
317,1,"(615, 84)","(640, 88)","(637, 114)","(611, 112)",4.494346782467603,1.8004741718880388
318,1,"(672, 99)","(698, 103)","(694, 129)","(669, 126)",4.546286272567134,8.649632643617132
319,1,"(702, 120)","(727, 122)","(724, 149)","(698, 146)",4.511800054860805,8.961531466543525
320,1,"(705, 120)","(732, 123)","(728, 151)","(702, 151)",4.06312841666107,-2.1158425686616056
321,1,"(712, 116)","(740, 118)","(736, 147)","(708, 144)",4.137503984077881,8.58533621323114
322,1,"(737, 115)","(765, 116)","(762, 145)","(735, 143)",4.276120860021226,6.996475906816464
323,1,"(752, 111)","(781, 113)","(778, 142)","(750, 141)",4.148184459097254,3.079391368781049
324,1,"(725, 92)","(752, 93)","(750, 123)","(721, 123)",4.227174989937494,1.1535571298792477
325,1,"(688, 106)","(714, 107)","(712, 136)","(684, 136)",4.348635409595063,0.6974018877515875
326,1,"(658, 88)","(686, 90)","(684, 121)","(656, 119)",3.9766425967321593,-1.4204802505008227
327,1,"(657, 92)","(686, 94)","(683, 124)","(654, 123)",3.9496915580271903,-0.6076716277019387
328,1,"(669, 80)","(699, 82)","(696, 114)","(667, 113)",3.8074892796203477,-2.2181276555217
329,1,"(663, 75)","(694, 77)","(691, 109)","(661, 108)",3.802228983331953,-0.2812358489812374
330,1,"(643, 73)","(674, 76)","(671, 109)","(640, 107)",3.700006060525147,0.173734252535933
331,1,"(664, 73)","(696, 76)","(693, 108)","(661, 107)",3.67493443678953,1.970483286111635
332,1,"(676, 75)","(709, 78)","(704, 113)","(673, 111)",3.4812945398554187,-1.206960875996769
333,1,"(674, 83)","(707, 85)","(704, 121)","(671, 119)",3.5134694528956674,4.35081879969366
334,1,"(663, 73)","(697, 75)","(695, 112)","(660, 110)",3.3650750007806156,0.6082915897162876
335,1,"(648, 99)","(684, 100)","(682, 139)","(647, 138)",3.240978100645375,-0.14340862318464379
336,1,"(676, 98)","(714, 99)","(712, 137)","(674, 137)",3.081307689668849,3.093524621471218
337,1,"(676, 98)","(714, 99)","(712, 137)","(674, 137)",3.081307689668849,3.093524621471218
338,1,"(703, 120)","(742, 124)","(739, 165)","(700, 163)",2.857506696342879,0.911830344063954
339,1,"(713, 117)","(755, 120)","(752, 163)","(710, 161)",2.75991778524581,2.576633341312529
340,1,"(732, 109)","(777, 111)","(773, 157)","(730, 155)",2.644523571212922,7.448655343702199
341,1,"(732, 122)","(777, 124)","(774, 171)","(730, 169)",2.56516447408546,0.6473104140786381
342,1,"(759, 103)","(807, 104)","(805, 156)","(757, 155)",2.3587839057598528,-1.517017152747969
343,1,"(769, 123)","(820, 125)","(819, 175)","(768, 176)",2.3069893152981944,0.4569212947234064
344,1,"(806, 102)","(862, 102)","(862, 160)","(806, 160)",2.095484799986366,-1.1030798841006038
345,1,"(848, 125)","(907, 127)","(907, 189)","(847, 187)",1.943247038734527,0.31219624993994105
365,3,"(487, 122)","(503, 123)","(502, 139)","(486, 139)",7.17118866842501,-6.33533282149842
366,3,"(492, 123)","(509, 124)","(508, 140)","(492, 139)",7.247485673676186,-0.26660265092942936
369,3,"(503, 158)","(521, 159)","(521, 177)","(503, 179)",6.0549147643277275,-9.7048546150226
370,3,"(486, 153)","(504, 152)","(505, 170)","(487, 173)",6.132031650810276,-14.391981641018136
371,3,"(495, 170)","(513, 170)","(512, 189)","(496, 189)",6.867396620373854,-3.4239288039608318
373,3,"(542, 145)","(561, 146)","(559, 166)","(541, 165)",5.913803211480318,-4.127927665903673
374,3,"(544, 159)","(564, 161)","(563, 180)","(544, 180)",5.917836908388064,-0.7250396835303707
375,3,"(547, 169)","(567, 168)","(567, 190)","(548, 191)",5.3491131077609175,-10.569688983279455
377,3,"(527, 150)","(549, 151)","(548, 173)","(528, 173)",5.314393277081342,-5.121559159928738
378,3,"(504, 133)","(526, 132)","(527, 155)","(506, 156)",5.270828351175722,-9.603742528661535
379,3,"(512, 165)","(535, 164)","(536, 188)","(514, 190)",4.8329926888791475,-11.008983013401043
380,3,"(523, 176)","(547, 175)","(548, 197)","(525, 200)",4.876361336046899,-8.183743687152532
381,3,"(542, 135)","(567, 135)","(566, 159)","(542, 159)",4.733537094878193,-3.6233695494074287
382,3,"(560, 151)","(585, 151)","(585, 177)","(561, 177)",4.7255970838886965,-0.5670013984322607
383,3,"(562, 155)","(587, 154)","(588, 181)","(563, 182)",4.393038163148644,1.165705148020686
384,3,"(554, 162)","(580, 161)","(580, 187)","(554, 188)",4.368037252781163,-0.7131974505716244
386,3,"(551, 148)","(578, 148)","(577, 177)","(551, 177)",4.090540880401832,-6.83143433234894
387,3,"(552, 140)","(580, 140)","(580, 169)","(553, 170)",4.047670875098185,-6.860038668824593
388,3,"(562, 135)","(591, 134)","(592, 164)","(563, 166)",3.892475557792756,-7.614196943589857
389,3,"(573, 149)","(603, 147)","(605, 177)","(575, 180)",3.809315313785169,-7.325955812267285
390,3,"(604, 117)","(635, 117)","(635, 149)","(604, 150)",3.6943442289598716,-4.240524893455858
391,3,"(629, 126)","(662, 126)","(664, 160)","(630, 160)",3.4091390159088797,-2.4946528255855203
392,3,"(665, 144)","(699, 142)","(700, 178)","(666, 179)",3.348568393831933,0.8803504151369175
393,3,"(675, 140)","(711, 137)","(711, 175)","(676, 176)",3.199238059574411,0.922677238191859
394,3,"(688, 105)","(724, 104)","(725, 143)","(689, 145)",3.084778206682597,-6.332397432282634
395,3,"(698, 104)","(736, 101)","(737, 141)","(700, 143)",3.089389393942739,1.1092143712970344
396,3,"(708, 64)","(748, 62)","(750, 105)","(709, 108)",2.8791775823867054,-5.412836966667665
397,3,"(728, 74)","(771, 71)","(773, 117)","(730, 120)",2.704437897291686,-5.685040705226514
398,3,"(792, 44)","(840, 42)","(839, 93)","(792, 95)",2.5268225757710563,-3.432975985446832
399,3,"(850, 44)","(902, 43)","(901, 97)","(850, 99)",2.36535110178663,-2.561641722451386
400,3,"(888, 47)","(942, 45)","(942, 101)","(888, 103)",2.3060791731110797,-2.2746042328062135
419,2,"(273, 63)","(305, 62)","(304, 102)","(274, 103)",3.314708947688719,-36.53800639010964
423,5,"(69, 77)","(87, 78)","(87, 96)","(69, 95)",8.053416854699275,2.6493850178746223
424,2,"(629, 64)","(660, 61)","(656, 102)","(625, 104)",3.005040389782958,10.525684332119944
425,2,"(680, 58)","(711, 55)","(706, 98)","(675, 100)",2.896143266676398,14.206495738991913
426,2,"(723, 68)","(754, 65)","(750, 110)","(718, 111)",2.822463413131864,16.725415743369474
427,5,"(276, 117)","(293, 118)","(293, 134)","(276, 132)",8.139926590963585,-0.04816568624586204
428,5,"(298, 110)","(316, 111)","(314, 127)","(298, 125)",7.837426706349719,-5.210049332551052
429,5,"(305, 94)","(322, 95)","(321, 111)","(305, 110)",7.898634457275693,-9.521096987969589
430,5,"(324, 96)","(341, 97)","(341, 113)","(325, 113)",7.8068030626181635,-10.406429371915442
432,4,"(235, 158)","(244, 158)","(245, 167)","(236, 167)",14.674891603445928,-0.9113656084302422
435,5,"(423, 128)","(440, 127)","(441, 143)","(424, 144)",7.153499284086544,-4.711660227052672
436,5,"(422, 136)","(439, 135)","(440, 152)","(424, 153)",7.205686017447079,-11.56966741354743
437,5,"(434, 164)","(451, 165)","(451, 182)","(435, 182)",6.931648270398336,-6.77794674756338
438,5,"(457, 177)","(474, 176)","(473, 193)","(456, 193)",6.6873557962604835,-0.25026013268436403
439,5,"(462, 177)","(478, 178)","(478, 195)","(461, 195)",6.7814907636407495,-5.8489323668680715
440,5,"(441, 198)","(457, 199)","(457, 216)","(440, 215)",6.990649948104147,3.897734874619426
441,5,"(416, 193)","(433, 193)","(434, 210)","(416, 210)",6.93122481568527,-1.7306997835518367
442,5,"(386, 171)","(404, 171)","(404, 189)","(386, 187)",6.957074019045575,-0.019200708402451565
443,5,"(351, 199)","(368, 197)","(370, 215)","(352, 216)",6.857367604356076,-4.906495246085632
444,2,"(881, 35)","(939, 10)","(940, 96)","(881, 114)",1.5647876565097971,8.695136190002897
445,4,"(230, 288)","(240, 289)","(240, 298)","(230, 298)",13.258053489682156,-0.6879461552316661
446,5,"(371, 217)","(389, 216)","(391, 235)","(373, 236)",6.352859829726842,-2.0475770989321767
447,5,"(406, 219)","(426, 216)","(427, 235)","(408, 236)",6.121710442069486,-10.505820535316806
448,5,"(428, 176)","(447, 176)","(448, 195)","(428, 195)",6.19054328361608,-1.6056755588497333
449,5,"(476, 163)","(495, 162)","(496, 182)","(477, 183)",5.952022290900413,-1.180302934556105
450,5,"(490, 161)","(510, 160)","(511, 181)","(492, 182)",6.007688198767042,-6.521441151347752
451,5,"(517, 156)","(538, 154)","(539, 175)","(519, 176)",5.6568785985840835,-7.407523396181116
452,4,"(410, 246)","(420, 245)","(421, 255)","(411, 255)",12.114955246563154,-4.480168893577762
453,5,"(536, 139)","(558, 138)","(558, 159)","(537, 160)",5.38890276060313,-6.23674745989479
454,5,"(542, 132)","(563, 132)","(562, 156)","(542, 157)",4.887703558118967,-12.588226779222932
455,4,"(423, 226)","(433, 226)","(434, 236)","(423, 236)",11.522778712006916,-2.696509778827598
456,7,"(359, 273)","(359, 264)","(368, 264)","(368, 273)",13.243475134913325,-89.99999999999916
457,5,"(574, 127)","(597, 126)","(599, 150)","(576, 152)",4.914708906771462,-8.298974408616395
458,5,"(634, 125)","(660, 124)","(660, 149)","(636, 151)",4.62077096552422,-4.38402484439172
459,7,"(432, 274)","(432, 265)","(442, 265)","(441, 275)",12.21083666107298,-86.90967659957751
460,5,"(679, 113)","(707, 111)","(707, 138)","(680, 140)",4.238483098000037,-4.22904230897929
461,4,"(532, 232)","(543, 232)","(543, 244)","(532, 244)",9.615807566327932,2.4774095092681057
463,5,"(699, 88)","(731, 86)","(730, 116)","(700, 118)",3.8101219512749203,-3.182701105769295
464,7,"(447, 265)","(447, 254)","(457, 255)","(457, 265)",11.091594274958442,-89.17203290998873
465,7,"(446, 272)","(446, 261)","(456, 261)","(456, 271)",10.914811999920932,-86.00996095364886
466,4,"(505, 231)","(517, 230)","(518, 242)","(505, 243)",9.103821530292915,-4.334039276472221
467,4,"(548, 218)","(561, 218)","(561, 231)","(548, 231)",8.78646832422896,1.3390970443372764e-09
468,7,"(474, 264)","(473, 253)","(483, 252)","(484, 263)",10.501966113424297,-94.47405613357606
469,7,"(472, 271)","(472, 260)","(482, 259)","(483, 271)",10.047207998186277,-91.76525827628048
470,4,"(562, 202)","(575, 200)","(576, 216)","(563, 216)",7.734753923542757,0.5767709938595429
471,4,"(504, 212)","(517, 211)","(519, 225)","(504, 226)",8.188439220148517,-4.164955802786769
472,7,"(413, 276)","(411, 264)","(422, 263)","(423, 275)",9.766679693510255,-94.87570327623668
476,7,"(435, 272)","(435, 259)","(447, 259)","(447, 272)",8.979501515078134,-89.2308986732573
477,7,"(441, 286)","(442, 273)","(453, 273)","(454, 286)",9.750111279501576,-90.41795315278122
479,7,"(408, 291)","(408, 278)","(421, 277)","(422, 291)",8.637139381433451,-92.1507412102576
480,7,"(396, 289)","(396, 276)","(409, 275)","(410, 289)",8.67392742293432,-92.15016503722428
481,7,"(380, 310)","(379, 297)","(393, 295)","(394, 309)",8.47693944958563,-96.78637903416083
482,4,"(476, 238)","(493, 236)","(494, 254)","(476, 255)",6.38581706863463,-3.9349583555799437
483,4,"(467, 193)","(485, 192)","(486, 210)","(468, 212)",6.262120664489847,-11.025881684663085
484,7,"(356, 279)","(356, 265)","(371, 265)","(371, 280)",8.247968083563926,-88.13173771945675
485,7,"(360, 294)","(359, 278)","(374, 278)","(375, 293)",7.687545270619404,-91.56732289474016
486,7,"(341, 324)","(340, 308)","(356, 308)","(356, 323)",7.690448280897364,-89.28747478190135
487,7,"(311, 289)","(312, 273)","(327, 273)","(326, 290)",7.315614809734134,-86.95664984083459
488,7,"(307, 299)","(306, 284)","(321, 282)","(323, 299)",7.5844389231525575,-93.58801858440394
489,7,"(340, 350)","(339, 333)","(355, 332)","(357, 349)",6.9964789486591386,-93.60321459679795
490,7,"(410, 331)","(409, 314)","(426, 313)","(427, 331)",6.641157678821203,-91.86574699353804
491,7,"(424, 320)","(424, 302)","(441, 302)","(442, 320)",6.448800089030602,-91.20238467590572
492,7,"(450, 325)","(451, 307)","(468, 307)","(467, 326)",6.193404377559384,-87.25367270140775
493,7,"(460, 331)","(461, 313)","(478, 313)","(478, 333)",6.02194974637134,-87.4459908153338
494,7,"(481, 334)","(481, 315)","(499, 315)","(499, 334)",6.008050103709662,-89.76148970016864
495,7,"(482, 327)","(482, 308)","(500, 308)","(500, 327)",6.011078240603557,-89.71559566966812
496,7,"(458, 315)","(458, 295)","(477, 295)","(477, 315)",5.7511718684444215,-89.63231848860983
497,7,"(460, 313)","(461, 292)","(479, 293)","(479, 313)",5.605485921789399,-87.60098688812849
498,7,"(446, 343)","(446, 321)","(466, 322)","(466, 343)",5.34462576314827,-90.05917596921496
499,7,"(476, 323)","(477, 303)","(497, 303)","(497, 324)",5.560583937363346,-88.65621449926623
500,7,"(451, 330)","(451, 307)","(472, 308)","(472, 330)",5.108249464346498,-89.73757660363955
501,7,"(463, 344)","(463, 321)","(485, 323)","(485, 345)",5.005950571374047,-91.71050592966826
502,7,"(483, 360)","(483, 337)","(505, 338)","(505, 361)",4.918586047843089,-88.66532130347393
503,7,"(489, 365)","(489, 341)","(511, 340)","(512, 364)",4.727776266060915,-91.68224600466904
504,7,"(466, 361)","(466, 336)","(490, 336)","(489, 362)",4.4785840882085495,-88.77177318196252
505,7,"(453, 344)","(453, 319)","(477, 318)","(478, 344)",4.49569225147531,-90.96525738887145
506,7,"(430, 385)","(430, 358)","(456, 359)","(456, 386)",4.2480728776474415,-88.70011610059153
507,7,"(454, 371)","(455, 343)","(481, 344)","(481, 371)",4.163285926271556,-89.07149080531954
508,7,"(435, 359)","(436, 330)","(463, 330)","(462, 359)",3.957466301575546,-88.94200232998088
509,7,"(434, 367)","(434, 338)","(462, 338)","(461, 368)",3.9020206209214683,-88.9558677543926
510,7,"(419, 374)","(420, 344)","(449, 345)","(448, 376)",3.782755219456041,-87.51652147081732
511,7,"(372, 391)","(373, 359)","(403, 360)","(403, 392)",3.666372798160522,-88.57560978883674
512,7,"(321, 415)","(321, 382)","(354, 383)","(354, 416)",3.6078596434193875,-88.39391421984365
513,7,"(291, 407)","(291, 373)","(325, 373)","(325, 408)",3.5091917745079657,-89.31943355258574
514,7,"(273, 404)","(273, 369)","(308, 369)","(307, 405)",3.4429219195456935,-89.26926656692386
515,7,"(227, 424)","(227, 386)","(264, 386)","(264, 424)",3.291546863815547,-90.14663516700091
516,7,"(205, 427)","(205, 387)","(244, 387)","(244, 427)",3.160450929053777,-90.14081169945713
517,7,"(194, 441)","(193, 400)","(232, 399)","(233, 440)",3.104453702662343,-91.7127191803046
518,7,"(128, 448)","(129, 406)","(172, 406)","(170, 449)",3.104352006629257,-89.284141933979
519,4,"(352, 209)","(431, 208)","(433, 284)","(351, 285)",1.5115210200773534,-1.797768845275155
520,4,"(282, 192)","(369, 193)","(369, 270)","(280, 269)",1.4708619471771975,-1.4789289942783772
521,4,"(152, 164)","(249, 167)","(248, 250)","(150, 250)",1.4671677823928504,-1.7056618360052982
522,4,"(6, 181)","(111, 183)","(109, 273)","(3, 272)",1.5091625827862893,-1.2603701034027417
534,6,"(312, 235)","(321, 235)","(321, 243)","(312, 243)",14.434686257488702,-2.0102490456503768
535,6,"(326, 247)","(335, 247)","(335, 255)","(326, 255)",14.284833867545107,-1.8651723257183943
536,6,"(365, 254)","(373, 254)","(373, 263)","(365, 263)",13.30155438426514,1.7370259294438057
538,6,"(386, 229)","(394, 229)","(394, 238)","(386, 238)",13.295527060267363,2.217977214924782
539,6,"(395, 230)","(404, 230)","(404, 239)","(395, 238)",14.069253400539282,0.5905132490153389
540,6,"(401, 239)","(409, 239)","(409, 248)","(401, 248)",13.192884678759686,2.132766795474344
549,6,"(428, 227)","(437, 227)","(437, 236)","(428, 236)",13.010702774071015,-1.407467555098782e-09
551,6,"(438, 242)","(447, 242)","(447, 251)","(438, 251)",12.939088615262143,-2.4740966096022777e-10
555,6,"(492, 232)","(502, 232)","(502, 243)","(492, 243)",10.56186152674551,2.370384801704392
557,6,"(501, 242)","(512, 243)","(512, 253)","(501, 253)",10.53163771236371,0.7327763515654577
558,6,"(493, 246)","(504, 245)","(503, 256)","(493, 256)",11.528038224123572,-0.084414025616426
559,6,"(482, 248)","(492, 248)","(492, 260)","(482, 259)",10.068471478079303,5.352146847000496
562,6,"(445, 232)","(456, 232)","(456, 243)","(445, 243)",10.57908464689707,1.3116232182746633e-09
565,6,"(462, 248)","(473, 248)","(473, 260)","(462, 260)",9.692090229759156,1.7996013802278463
566,6,"(464, 251)","(476, 251)","(477, 263)","(465, 263)",9.483232655411058,0.42174527253238064
567,6,"(461, 255)","(473, 254)","(473, 266)","(461, 267)",9.239101602669804,-3.6746611476679414
568,6,"(455, 270)","(467, 270)","(467, 283)","(455, 282)",9.255744776083286,3.088396493442817
569,6,"(447, 258)","(459, 257)","(460, 270)","(448, 270)",9.306517002115084,-1.4671830915235355
571,6,"(424, 250)","(437, 249)","(438, 262)","(425, 263)",8.948263477745975,-4.3987053549914075
572,6,"(426, 267)","(439, 265)","(440, 279)","(427, 279)",8.90629269367419,-4.333941707143404
574,6,"(461, 252)","(475, 251)","(475, 265)","(462, 265)",8.542119906045672,-2.0198967795130223
575,6,"(472, 251)","(486, 251)","(487, 264)","(473, 265)",8.556045151753638,-4.005526386614338
576,6,"(475, 255)","(489, 254)","(490, 268)","(475, 269)",7.903281624830297,-3.9592884007743376
577,6,"(467, 272)","(481, 271)","(482, 285)","(468, 286)",8.18908486579352,-4.0856167725426635
580,6,"(413, 256)","(428, 255)","(429, 270)","(415, 271)",7.8386459782194065,-9.461092976900492
581,6,"(400, 277)","(415, 276)","(416, 291)","(401, 292)",7.789303977545141,-3.814074825774107
583,6,"(438, 267)","(454, 266)","(455, 281)","(439, 283)",7.238559215864585,-8.777121094562593
584,6,"(439, 258)","(455, 257)","(456, 273)","(440, 274)",7.2330141525948175,-3.576334368879229
585,6,"(447, 263)","(464, 262)","(465, 278)","(448, 279)",6.933840447919551,-4.391321398852973
586,6,"(448, 262)","(465, 260)","(466, 276)","(449, 278)",6.757417944569469,-6.7286740742016775
587,6,"(457, 240)","(474, 239)","(475, 256)","(458, 257)",6.793321290715663,-3.3664606634280054
588,6,"(447, 263)","(465, 262)","(466, 279)","(448, 280)",6.546755633918427,-4.169383251851859
589,6,"(425, 257)","(443, 256)","(444, 274)","(426, 275)",6.456182619089276,-3.1798301130529882
592,6,"(432, 245)","(452, 244)","(453, 263)","(433, 264)",5.935908649441128,-3.8987566595206533
593,6,"(442, 261)","(462, 259)","(463, 279)","(444, 281)",5.733956000906995,-10.46098363693813
594,6,"(442, 264)","(462, 263)","(463, 284)","(443, 285)",5.523422666118872,-1.8667407714008535
595,6,"(421, 284)","(443, 283)","(444, 303)","(423, 305)",5.522434468374026,-6.126555905002628
596,6,"(377, 284)","(400, 283)","(401, 305)","(379, 306)",5.363992605913328,-3.016968743928097
597,6,"(367, 283)","(390, 281)","(392, 303)","(369, 305)",5.294350415538118,-5.872329260835604
598,6,"(365, 285)","(388, 283)","(390, 306)","(367, 308)",5.120701380415194,-4.969740728113403
599,6,"(370, 281)","(394, 279)","(396, 302)","(372, 304)",5.0620874233484425,-5.6326433733572925
600,6,"(371, 278)","(396, 276)","(398, 300)","(373, 303)",4.738598602183616,-10.034290160642797
601,6,"(373, 283)","(399, 280)","(401, 306)","(375, 308)",4.5509271846007975,-5.68857265955396
602,6,"(360, 299)","(387, 297)","(389, 323)","(362, 325)",4.511901322722766,-4.865581875382657
603,6,"(367, 282)","(394, 280)","(396, 308)","(369, 309)",4.296474669387375,-2.908677033815041
604,6,"(362, 291)","(390, 289)","(392, 316)","(364, 318)",4.341619269699991,-4.7329821857889565
605,6,"(352, 292)","(381, 291)","(383, 319)","(354, 321)",4.160671167782851,-6.180142162798655
606,6,"(362, 295)","(391, 291)","(394, 321)","(365, 323)",4.0434358924585325,-5.8650400256843325
607,6,"(360, 294)","(390, 291)","(393, 321)","(362, 323)",3.9682516237452305,-5.309460881937538
608,6,"(394, 297)","(425, 295)","(427, 325)","(397, 328)",3.8109979396038494,-7.673593256454144
609,6,"(415, 289)","(447, 288)","(447, 320)","(416, 321)",3.6151627344631283,-4.659349623213496
610,6,"(434, 287)","(467, 285)","(468, 319)","(437, 320)",3.446680979806624,-1.9153409030909498
611,6,"(439, 314)","(473, 312)","(474, 347)","(440, 348)",3.3196601811554234,-2.3449270794309363
612,6,"(441, 315)","(476, 313)","(478, 348)","(443, 350)",3.277073887237888,-3.27048792317504
613,6,"(437, 296)","(473, 293)","(476, 329)","(440, 331)",3.2333781452316477,-4.246829833832227
614,6,"(431, 291)","(468, 288)","(471, 325)","(434, 328)",3.106378346893895,-4.635463426891139
615,6,"(428, 286)","(466, 283)","(469, 320)","(431, 323)",3.0865185620250655,-5.062100209060954
616,6,"(423, 288)","(462, 284)","(465, 323)","(426, 326)",2.966243435324441,-5.242234845004645
617,6,"(435, 285)","(476, 282)","(479, 323)","(439, 326)",2.808668558439842,-3.9851796205685424
618,6,"(487, 290)","(530, 286)","(534, 328)","(491, 332)",2.6605241503102612,-5.755628623360785
619,6,"(534, 281)","(579, 277)","(582, 321)","(537, 325)",2.4947874279442326,-4.97347613016124
620,6,"(550, 269)","(596, 265)","(599, 312)","(553, 315)",2.4149038893747816,-3.814605569662528
621,6,"(593, 268)","(643, 264)","(646, 312)","(596, 315)",2.245485795927258,-3.9910276271530707
622,6,"(633, 268)","(685, 264)","(688, 314)","(636, 317)",2.1606431517949014,-3.656785050973722
623,6,"(765, 249)","(825, 246)","(826, 301)","(768, 303)",1.9792933565474895,-1.091203500200301
655,0,"(492, 289)","(500, 288)","(500, 296)","(492, 297)",13.431851533388572,-5.925364179493044
656,0,"(495, 280)","(503, 279)","(504, 287)","(495, 288)",13.293456676363105,-6.604594185409188
660,0,"(530, 247)","(539, 247)","(539, 256)","(530, 256)",12.665150534571335,-3.631389226937575e-14
661,0,"(537, 251)","(546, 251)","(546, 260)","(537, 260)",12.643351070406782,-9.006830891130637e-10
665,0,"(509, 260)","(519, 259)","(519, 269)","(510, 270)",11.27824292177156,-10.280883839018017
668,0,"(544, 263)","(554, 263)","(555, 272)","(545, 273)",11.307689234296149,-4.442918671408534
669,0,"(550, 266)","(559, 266)","(560, 275)","(551, 276)",11.874140848750788,-6.374816145787526
671,0,"(540, 283)","(551, 282)","(551, 292)","(541, 293)",10.665336965907203,-6.990174101842726
674,0,"(508, 278)","(519, 277)","(519, 287)","(509, 288)",10.754146563167941,-7.513458102267521
675,0,"(514, 288)","(525, 288)","(525, 298)","(515, 299)",10.787427398918059,-4.47497736726658
676,0,"(527, 271)","(538, 270)","(539, 281)","(527, 282)",9.787638062585707,-4.765199997130855
677,0,"(530, 262)","(541, 262)","(541, 273)","(530, 273)",10.335583133881084,8.475145025298853e-11
678,0,"(539, 262)","(550, 261)","(551, 272)","(539, 273)",9.771026739392319,-4.667312672683058
679,0,"(538, 277)","(549, 276)","(550, 287)","(538, 288)",9.758538230905431,-4.741738717491388
680,0,"(537, 273)","(548, 272)","(549, 284)","(538, 285)",9.465408870769794,-3.2050979127267043
681,0,"(517, 271)","(529, 270)","(530, 282)","(518, 283)",9.449200616283507,-4.7636416813977345
682,0,"(506, 263)","(518, 262)","(519, 274)","(507, 275)",9.47836680810771,-4.763641682266882
683,0,"(503, 267)","(515, 266)","(516, 278)","(504, 279)",9.478780310479939,-4.763641682346526
684,0,"(495, 278)","(506, 276)","(508, 288)","(496, 289)",9.82590149684621,-7.438405621408311
685,0,"(523, 281)","(535, 280)","(536, 292)","(524, 294)",8.962052758020752,-10.12008966794411
686,0,"(513, 265)","(525, 264)","(526, 277)","(514, 278)",8.790509277460318,-2.870324613406368
687,0,"(501, 259)","(513, 258)","(514, 271)","(502, 272)",8.823597069368974,-2.823234674602864
688,0,"(484, 255)","(498, 254)","(499, 267)","(486, 268)",8.574858816540482,-5.049529114943589
689,0,"(467, 265)","(480, 263)","(482, 277)","(468, 279)",8.094812594835963,-7.253625265988351
690,0,"(458, 260)","(472, 258)","(473, 272)","(460, 274)",8.118680376345479,-13.411966035410984
691,0,"(446, 253)","(460, 251)","(462, 265)","(448, 267)",8.19207584029429,-8.130102354155838
692,0,"(440, 255)","(453, 253)","(455, 267)","(442, 269)",8.258655786219483,-6.904463981563845
693,0,"(443, 264)","(456, 262)","(459, 277)","(444, 279)",7.688575829231249,-6.598828622410267
694,0,"(467, 238)","(481, 236)","(483, 250)","(468, 252)",7.883496004062025,-7.860602969989973
695,0,"(455, 227)","(470, 225)","(472, 240)","(457, 242)",7.668978021986513,-7.594643368577678
696,0,"(465, 228)","(480, 226)","(482, 241)","(467, 243)",7.64840398176201,-7.594643368591594
697,0,"(473, 227)","(489, 225)","(490, 241)","(475, 242)",7.5968765068389015,-5.509089160816112
698,0,"(470, 238)","(485, 237)","(487, 252)","(472, 254)",7.475572948356597,-10.327106496545555
699,0,"(481, 247)","(497, 245)","(499, 261)","(483, 262)",7.249935699093397,-6.3128949577097195
700,0,"(488, 237)","(504, 235)","(506, 251)","(490, 252)",7.400053266816479,-7.067928444131091
701,0,"(475, 249)","(491, 248)","(493, 264)","(476, 265)",7.064583271430469,-5.206078280338067
702,0,"(481, 248)","(498, 245)","(500, 262)","(484, 264)",6.885716354570999,-8.488891077028399
703,0,"(478, 264)","(495, 263)","(497, 280)","(480, 281)",6.673468548212982,-3.065572470582538
704,0,"(502, 258)","(520, 256)","(521, 273)","(504, 274)",6.562552354293051,-6.258830479306116
705,0,"(507, 250)","(525, 248)","(527, 266)","(509, 268)",6.30631867586847,-6.340191745898136
706,0,"(510, 247)","(528, 245)","(529, 264)","(511, 265)",6.130529715725023,-3.5773131672592995
707,0,"(511, 249)","(529, 248)","(530, 266)","(512, 268)",6.127114835802156,-8.310042586016191
708,0,"(514, 252)","(533, 251)","(534, 269)","(515, 270)",6.043687780971224,-3.702623735926559
709,0,"(514, 263)","(533, 262)","(534, 280)","(515, 282)",5.961268874177856,-6.572029643019022
710,0,"(488, 240)","(507, 239)","(508, 259)","(489, 260)",5.77570121538003,-1.585344888299741
711,0,"(476, 252)","(495, 250)","(497, 269)","(477, 271)",5.859352273429432,-5.903904559758439
712,0,"(458, 249)","(478, 248)","(479, 268)","(459, 270)",5.5910057367243775,-8.813577293803451
713,0,"(451, 248)","(472, 246)","(473, 267)","(453, 269)",5.461584465457014,-10.324470875336997
714,0,"(451, 240)","(473, 238)","(474, 258)","(453, 261)",5.342680541712765,-10.573260781281164
715,0,"(465, 220)","(487, 218)","(488, 240)","(466, 241)",5.245840966963948,-3.866465812658571
716,0,"(491, 212)","(514, 210)","(515, 234)","(492, 235)",4.884718519701147,-2.6030138077680762
717,0,"(499, 209)","(523, 207)","(524, 231)","(500, 232)",4.775177579728711,-3.406611692749149
718,0,"(501, 231)","(525, 230)","(526, 254)","(502, 255)",4.769967849557849,-2.3859440251390898
719,0,"(495, 224)","(521, 223)","(522, 248)","(496, 250)",4.402180370351952,-6.362297124977755
720,0,"(495, 224)","(521, 223)","(522, 248)","(496, 250)",4.402180370351952,-6.362297124977755
721,0,"(493, 224)","(520, 222)","(521, 248)","(495, 250)",4.314137622454632,-7.3293188802589055
722,0,"(492, 240)","(519, 238)","(521, 265)","(494, 267)",4.230697046752896,-4.236394791075593
723,0,"(526, 232)","(554, 230)","(555, 258)","(527, 260)",3.9955525182032146,-3.21481039131097
724,0,"(532, 232)","(561, 230)","(563, 259)","(534, 261)",3.917592472639222,-3.9451862290378195
725,0,"(540, 230)","(570, 228)","(572, 257)","(542, 259)",3.798829727395351,-4.271543420501399
726,0,"(555, 230)","(586, 228)","(587, 259)","(556, 261)",3.6045047586642625,-2.7585913459870444
727,0,"(544, 232)","(577, 229)","(579, 261)","(546, 264)",3.4146390056861033,-4.813289158746783
728,0,"(508, 241)","(541, 240)","(543, 272)","(509, 274)",3.4229450161539514,-3.1191992007613445
729,0,"(482, 233)","(517, 231)","(519, 265)","(484, 267)",3.3042382495490865,-3.884331421616032
730,0,"(454, 247)","(490, 244)","(492, 279)","(456, 282)",3.1943902946183966,-4.812471486946602
731,0,"(450, 254)","(486, 251)","(489, 287)","(453, 290)",3.1889149326497415,-4.763641690652413
732,0,"(454, 254)","(492, 252)","(495, 289)","(457, 292)",3.064756565947216,-5.965856703239685
733,0,"(432, 253)","(471, 251)","(474, 289)","(435, 292)",3.0042636477078655,-6.385275854920118
734,0,"(445, 242)","(485, 239)","(488, 278)","(448, 281)",2.9156416945581416,-4.904628653072087
735,0,"(453, 240)","(494, 238)","(497, 280)","(455, 282)",2.7558988829103397,-2.628795341004499
736,0,"(453, 240)","(494, 238)","(497, 280)","(455, 282)",2.7558988829103397,-2.628795341004499
737,0,"(426, 245)","(471, 243)","(473, 286)","(429, 289)",2.6357156770087604,-6.189054234171296
738,0,"(391, 216)","(436, 214)","(440, 258)","(394, 261)",2.643398318609291,-4.397131149220407
739,0,"(360, 230)","(407, 228)","(408, 274)","(361, 276)",2.537713704835383,-2.618961482818402
740,0,"(299, 228)","(350, 224)","(355, 272)","(304, 277)",2.46887228120757,-6.414999231275605
741,0,"(286, 204)","(340, 199)","(345, 251)","(292, 255)",2.3605067831161586,-5.997933421418339
742,0,"(275, 194)","(330, 191)","(335, 244)","(280, 248)",2.3060594077639207,-4.734482225316433
743,0,"(270, 194)","(328, 191)","(331, 247)","(274, 251)",2.1710682281056237,-3.8749411484832135
744,0,"(265, 220)","(323, 216)","(330, 273)","(272, 278)",2.150229199933629,-4.933708115535277
745,0,"(228, 206)","(291, 203)","(295, 262)","(233, 265)",2.1159559316426457,-4.256640165052161
746,0,"(192, 195)","(258, 194)","(262, 255)","(196, 258)",2.0590331677862816,-3.405464220296566
747,0,"(167, 190)","(234, 188)","(239, 253)","(171, 255)",1.9976243315175788,-2.742144654331292
748,0,"(140, 188)","(212, 187)","(217, 255)","(146, 257)",1.9292147889036961,-2.332016344186828
749,0,"(139, 182)","(212, 180)","(218, 247)","(146, 250)",1.9551220632508626,-4.007955131913453
750,0,"(61, 158)","(143, 157)","(147, 231)","(67, 233)",1.8435889937113574,-3.0110657012496223
757,7,"(825, 313)","(820, 262)","(876, 255)","(882, 307)",2.1190302107896195,-91.77904217734046
758,7,"(711, 269)","(708, 217)","(762, 211)","(764, 263)",2.116001891946929,-96.1445450421324
759,7,"(692, 266)","(689, 215)","(742, 209)","(745, 261)",2.138976479574039,-92.48873216817762
760,7,"(619, 243)","(619, 193)","(672, 188)","(672, 240)",2.106876482016646,-89.88183922065889
761,7,"(572, 270)","(570, 220)","(621, 215)","(622, 266)",2.182371401826422,-92.08909386045664
762,7,"(512, 271)","(509, 222)","(558, 217)","(562, 267)",2.27242136272642,-94.41436183575259
763,7,"(396, 253)","(392, 203)","(442, 199)","(445, 249)",2.345100009386068,-94.13904171434163
764,7,"(349, 267)","(346, 216)","(396, 213)","(399, 263)",2.354354600034246,-93.66659674213767
765,7,"(320, 276)","(315, 225)","(367, 221)","(371, 271)",2.3685649015175496,-88.22621153239189
766,7,"(319, 279)","(313, 227)","(365, 223)","(369, 274)",2.341574207705209,-89.7205977807574
767,7,"(333, 280)","(328, 227)","(380, 223)","(385, 275)",2.284151636132744,-94.84809145668044
768,7,"(361, 281)","(356, 228)","(410, 224)","(415, 277)",2.235296288343683,-94.83606318766594
769,7,"(398, 279)","(392, 225)","(446, 220)","(451, 274)",2.1712105607789547,-95.18799905582128
770,7,"(452, 284)","(448, 228)","(503, 224)","(507, 280)",2.061366885290487,-93.7574397433898
771,7,"(472, 262)","(469, 204)","(526, 200)","(529, 258)",1.9790268371575934,-93.09273680898227
772,7,"(501, 274)","(498, 213)","(556, 209)","(559, 270)",1.8816065737660888,-92.57695907415413
773,7,"(509, 279)","(506, 216)","(566, 213)","(569, 275)",1.8363830988422183,-91.14749733526276
774,7,"(516, 279)","(513, 215)","(575, 211)","(578, 274)",1.7903494545571137,-92.86512358591106
775,7,"(528, 260)","(528, 188)","(593, 186)","(592, 257)",1.608893440802206,-87.8408586984768
776,7,"(548, 284)","(544, 215)","(610, 210)","(613, 278)",1.656777957277662,-91.81681545682163
777,7,"(547, 258)","(543, 188)","(611, 182)","(614, 252)",1.6282862119970885,-92.93634840273133
778,7,"(533, 262)","(528, 185)","(599, 179)","(603, 255)",1.5058348615839634,-91.97748487036976
779,7,"(540, 266)","(535, 187)","(608, 182)","(612, 258)",1.4799648690776723,-92.0954218870012
780,7,"(568, 284)","(563, 201)","(640, 196)","(642, 278)",1.3861827176612196,-91.84188067811924
781,7,"(639, 319)","(636, 229)","(719, 223)","(721, 311)",1.266604709734091,-92.34408107988871
782,7,"(638, 325)","(637, 232)","(722, 229)","(722, 319)",1.2333549073227372,-90.93050296432122
783,7,"(644, 334)","(642, 240)","(728, 235)","(728, 327)",1.210039860915998,-91.34479035196426
784,7,"(641, 327)","(640, 232)","(725, 227)","(726, 320)",1.2007942030052825,-91.34870913741109
785,7,"(640, 316)","(639, 218)","(726, 213)","(726, 309)",1.1679922720760627,-91.05824219878306
786,7,"(671, 314)","(669, 213)","(759, 208)","(758, 306)",1.1422863100828968,-91.54483982927728
787,7,"(688, 297)","(688, 195)","(779, 190)","(777, 290)",1.1345038470478277,-91.19757483607475
788,7,"(710, 290)","(710, 182)","(805, 177)","(802, 282)",1.0842715726236403,-91.43359615158718
789,7,"(683, 302)","(682, 192)","(778, 186)","(777, 292)",1.058774127818872,-91.76904184806308
790,7,"(668, 333)","(669, 219)","(767, 215)","(763, 325)",1.0109135239257425,-89.98744202920702
791,7,"(687, 335)","(690, 218)","(789, 214)","(785, 326)",0.9895100867313313,-89.96106170057419
792,7,"(715, 335)","(717, 214)","(819, 210)","(815, 326)",0.9641262393690387,-90.58071211703346
793,7,"(719, 331)","(722, 210)","(825, 206)","(820, 323)",0.9619495738310387,-90.27111965443831
794,7,"(738, 332)","(740, 206)","(848, 201)","(843, 323)",0.9281581431056626,-90.91297929165414
795,7,"(738, 332)","(741, 205)","(848, 201)","(843, 323)",0.9247356590071512,-90.64754155198388
796,7,"(755, 338)","(758, 207)","(871, 202)","(865, 328)",0.8972744148849876,-90.94780600305754
797,7,"(787, 323)","(793, 182)","(915, 178)","(905, 314)",0.8469085785234354,-90.55068241421965
835,8,"(540, 23)","(638, 18)","(628, 128)","(528, 127)",1.1065458039250349,5.764413502488544
836,8,"(491, 19)","(591, 13)","(583, 122)","(483, 124)",1.1099802476128833,3.7130311679867205
837,8,"(400, 22)","(494, 17)","(490, 126)","(396, 126)",1.168506261731402,4.109540695000113
838,8,"(294, 43)","(387, 43)","(382, 150)","(289, 146)",1.213253267693438,4.994077105871725
839,8,"(269, 31)","(363, 31)","(359, 138)","(266, 135)",1.2290994707545932,4.555010858272637
840,1,"(846, 179)","(864, 180)","(861, 195)","(844, 194)",6.929478473858035,5.267266047211419
841,8,"(246, 27)","(343, 29)","(338, 139)","(243, 135)",1.204244263388935,5.285729238253603
855,1,"(416, 89)","(430, 89)","(430, 103)","(416, 103)",8.699339092012703,-1.8005056499032924e-13
936,9,"(405, 19)","(461, 16)","(468, 78)","(412, 81)",2.132592302454151,-0.6465365201545233
937,9,"(388, 53)","(447, 51)","(453, 112)","(393, 115)",2.0731810996453577,-3.3166637552571454
938,9,"(393, 30)","(455, 29)","(458, 92)","(396, 93)",2.0062543577865477,-1.7833107073241765
939,9,"(404, 20)","(468, 19)","(471, 84)","(408, 85)",1.9624658169184541,-1.948806045126813
940,9,"(389, 51)","(452, 52)","(455, 119)","(392, 120)",1.8900950402740186,-12.240863177784249
941,9,"(379, 65)","(444, 64)","(448, 131)","(384, 134)",1.8670262044564194,-12.796387775625702
942,9,"(368, 91)","(435, 89)","(439, 156)","(374, 160)",1.8311838677510641,-12.514419294424284
943,9,"(377, 97)","(446, 94)","(451, 163)","(384, 167)",1.784778328955376,-3.3170621394784887
944,9,"(396, 60)","(468, 58)","(474, 131)","(404, 135)",1.7179512740861123,-10.614911418318162
945,9,"(410, 82)","(484, 79)","(488, 158)","(414, 162)",1.5551052640422613,-0.39139958748079184
946,9,"(402, 125)","(478, 125)","(481, 205)","(405, 206)",1.513575502743546,0.9379125999918185
947,9,"(416, 178)","(495, 177)","(497, 259)","(420, 261)",1.435488202449197,0.3218602730004369
948,9,"(434, 170)","(516, 168)","(519, 251)","(438, 255)",1.401172911042399,-7.277437064466783
949,9,"(419, 157)","(504, 154)","(507, 240)","(424, 245)",1.3594793287943299,-8.977714251127514
950,9,"(370, 92)","(463, 88)","(470, 183)","(378, 191)",1.2715828861257776,-2.664117249883282
951,9,"(332, 100)","(428, 96)","(436, 193)","(341, 202)",1.2452173483726434,-14.88341590904013
952,9,"(240, 68)","(347, 64)","(359, 168)","(254, 179)",1.2053454677915825,-18.54080026295017
953,9,"(147, 61)","(266, 55)","(281, 172)","(165, 186)",1.1145308550353004,-4.941313076155047
954,9,"(45, 124)","(178, 115)","(195, 235)","(67, 255)",1.0841910822752867,-29.18946919068718
974,8,"(406, 105)","(427, 103)","(428, 122)","(409, 125)",5.997664894001038,-16.0409119894571
976,8,"(354, 160)","(374, 157)","(376, 176)","(356, 179)",6.0200131632516864,-8.663921303790726
978,8,"(298, 201)","(319, 200)","(322, 218)","(302, 222)",6.263985759911041,-14.910993640527222
980,8,"(222, 292)","(244, 288)","(246, 308)","(225, 312)",5.969090711006704,-20.27217327447703
981,8,"(176, 336)","(199, 333)","(201, 353)","(180, 357)",6.143520635857778,-16.398635907939642
982,8,"(163, 378)","(187, 374)","(189, 394)","(167, 398)",6.234075992501511,-13.489237710939172
983,8,"(137, 387)","(162, 384)","(165, 403)","(142, 408)",6.305135823038276,-11.72192652884396
984,8,"(134, 375)","(157, 371)","(162, 392)","(138, 396)",6.145292624973752,-10.720845812085917
985,8,"(136, 356)","(160, 352)","(164, 373)","(141, 377)",6.143806651567121,-10.975061131317366
986,8,"(131, 337)","(155, 334)","(159, 356)","(136, 360)",5.774607495099464,-18.29806257016389
987,8,"(134, 369)","(159, 365)","(164, 385)","(140, 391)",6.0685138110881915,-16.487003722202637
988,8,"(160, 394)","(184, 388)","(190, 410)","(166, 415)",5.828285927842261,-13.961444320066734
989,8,"(190, 345)","(214, 340)","(219, 362)","(195, 367)",5.638572310807029,-13.12049837792565
990,8,"(189, 361)","(213, 356)","(218, 379)","(194, 384)",5.4211022375845666,-12.247648138025419
991,8,"(186, 402)","(211, 397)","(215, 420)","(191, 425)",5.766726915761593,-13.100643077528876
992,8,"(162, 422)","(189, 415)","(193, 437)","(168, 445)",5.33294730652695,-20.575786026887904
993,8,"(178, 420)","(205, 415)","(210, 436)","(184, 442)",5.435799504720452,-12.569802544139776
994,8,"(186, 431)","(212, 426)","(217, 449)","(192, 455)",5.308811337563495,-13.352329151386757
995,8,"(200, 440)","(227, 433)","(232, 455)","(207, 463)",5.282293545988551,-17.953579941227428
996,8,"(203, 444)","(229, 437)","(235, 460)","(209, 468)",5.169127781324303,-17.936363598788684
997,8,"(235, 441)","(260, 435)","(266, 459)","(240, 465)",5.082983661918882,-13.312272005232499
998,8,"(236, 445)","(262, 439)","(267, 463)","(241, 470)",4.967211238231617,-14.224169304735264
999,8,"(241, 429)","(268, 422)","(273, 447)","(248, 453)",4.935344074439267,-14.099254637619568
1001,8,"(274, 402)","(302, 395)","(307, 419)","(281, 425)",4.804072013660943,-14.558072091254088
1002,8,"(270, 356)","(297, 350)","(303, 375)","(277, 382)",4.64844264720717,-18.686188192373965
1003,8,"(232, 342)","(263, 336)","(268, 361)","(238, 367)",4.4272341552598595,-14.33087249501612
1004,8,"(205, 375)","(235, 368)","(241, 393)","(212, 401)",4.607160597648201,-18.317053161164296
1005,8,"(206, 380)","(236, 373)","(243, 398)","(215, 407)",4.622028950171984,-20.1104740538569
1006,8,"(201, 355)","(231, 349)","(238, 375)","(209, 383)",4.5273563294453165,-19.242049068681375
1007,8,"(178, 342)","(210, 335)","(216, 362)","(186, 370)",4.42010946370713,-20.557087346224357
1008,8,"(166, 322)","(198, 316)","(204, 344)","(174, 352)",4.30224801787417,-23.09119914255026
1009,8,"(170, 335)","(204, 328)","(210, 357)","(178, 364)",4.251405923759053,-18.17699187606416
1010,8,"(165, 341)","(198, 333)","(206, 362)","(174, 371)",4.176867464749485,-23.30917015207899
1011,8,"(134, 338)","(170, 330)","(177, 360)","(144, 369)",4.099014572966196,-22.906989021908892
1012,8,"(126, 372)","(162, 363)","(170, 395)","(136, 405)",3.881163326538764,-25.440951065760434
1013,8,"(117, 349)","(153, 340)","(162, 371)","(127, 381)",3.9977915434834728,-25.03746565081367
1014,8,"(125, 344)","(161, 336)","(170, 369)","(134, 378)",3.806411424607916,-24.263713483312053
1015,8,"(144, 340)","(180, 332)","(189, 366)","(152, 374)",3.724381704277696,-13.476005008452537
1016,8,"(149, 346)","(188, 337)","(197, 371)","(159, 381)",3.609058002834067,-21.823011089950953
1017,8,"(144, 334)","(183, 326)","(192, 362)","(154, 371)",3.4706520938949983,-23.101354500708226
1018,8,"(80, 364)","(121, 354)","(132, 391)","(90, 403)",3.4037775261311936,-27.576428010352394
1019,8,"(48, 372)","(92, 361)","(103, 399)","(59, 411)",3.4089395643264093,-16.63360273322577
1020,8,"(32, 346)","(78, 335)","(89, 375)","(45, 386)",3.3336727429086164,-15.605142441803908
1021,8,"(30, 328)","(76, 316)","(89, 357)","(42, 368)",3.2769948716058632,-16.61113028270261
1022,8,"(63, 289)","(110, 279)","(121, 321)","(74, 330)",3.18403679717122,-14.162131079493554
1023,8,"(67, 278)","(115, 268)","(127, 310)","(80, 321)",3.099154140746667,-28.213121432783364
1024,8,"(82, 244)","(130, 234)","(143, 278)","(94, 289)",2.9496819633811,-14.695652428845273
1025,8,"(110, 239)","(160, 229)","(169, 275)","(122, 286)",2.774231586661851,-31.82775165228139
1026,8,"(76, 228)","(127, 217)","(139, 266)","(89, 276)",2.740004707580475,-12.882267483264423
1027,8,"(85, 199)","(137, 189)","(151, 237)","(99, 248)",2.7453184933952524,-14.034666521017014
1028,8,"(101, 178)","(154, 168)","(167, 219)","(115, 228)",2.6516298052920986,-11.98958058753769
1029,8,"(116, 161)","(169, 152)","(183, 202)","(129, 212)",2.6334883705209706,-12.884373422959609
1030,8,"(176, 108)","(233, 104)","(242, 157)","(187, 163)",2.48058342480804,-21.23871312028229
1031,8,"(217, 107)","(274, 99)","(285, 155)","(228, 162)",2.331440141719471,-9.71591054802727
1032,8,"(216, 94)","(274, 86)","(284, 145)","(227, 153)",2.2185530292547595,-7.802889212155475
1033,8,"(196, 106)","(255, 99)","(264, 159)","(205, 166)",2.184452448855114,-6.7676640860037525
1034,1,"(462, 108)","(474, 106)","(476, 119)","(464, 121)",9.418884255743372,-6.192984425331503
1035,1,"(488, 93)","(501, 92)","(503, 105)","(490, 107)",9.17574371144002,-11.166775456076904
1036,8,"(178, 24)","(247, 16)","(260, 84)","(193, 93)",2.0087685166001923,-8.889768518350335
1037,8,"(204, 39)","(273, 32)","(282, 103)","(213, 110)",1.882450004776285,-5.4794254648975995
1038,8,"(188, 27)","(260, 19)","(271, 90)","(199, 99)",1.866450819268801,-7.845884230331634
1039,8,"(144, 14)","(222, 5)","(232, 84)","(156, 91)",1.7678295063291833,-6.255263705672565
1043,1,"(469, 143)","(482, 142)","(483, 156)","(470, 157)",8.626708858833329,-1.63640943784353
1055,1,"(717, 71)","(736, 70)","(737, 88)","(717, 90)",6.143957129390165,-1.7084483523959886
1056,1,"(767, 67)","(787, 65)","(787, 84)","(767, 86)",6.082496225399633,-0.5487113736325354
1057,10,"(18, 120)","(34, 122)","(37, 146)","(21, 144)",6.240054380700258,10.687628567323427
1058,1,"(801, 38)","(821, 35)","(822, 55)","(802, 58)",6.251605929200226,-2.695795702762659
1060,10,"(116, 105)","(131, 106)","(135, 131)","(120, 130)",5.7384193716620615,10.61878764125996
1061,10,"(134, 114)","(151, 116)","(155, 140)","(139, 139)",5.744809871221885,-65.98303263160061
1062,10,"(157, 131)","(174, 132)","(178, 157)","(162, 156)",5.517617558889834,9.113794686923544
1063,10,"(162, 106)","(179, 107)","(183, 132)","(166, 131)",5.5933594173039145,9.2866197978664
1065,10,"(47, 80)","(66, 82)","(71, 109)","(52, 108)",5.48290160518137,-84.25846182223208
1066,10,"(49, 32)","(69, 34)","(74, 63)","(55, 62)",5.265918179492957,-85.84240517358755
